,exocrine1,exocrine2,exocrine3,beta1,beta2,beta3
Onecut1,0.7205152,3.367856,2.820666,0.8713432,0.9081319,1.078807
Pdx1,2.144925,2.559665,3.570555,7.9206,7.885732,8.033852
Ptf1a,10.52666,10.39198,10.63851,5.353788,5.598699,5.366518
Neurog3,2.397356,0.7406144,1.484696,10.02865,10.09506,10.11383
Pax4,0,0,0,2.568575,2.323644,1.295583